{"leader": {"reward": -1, "loss": 0.25003232061862946}, "follower": {"reward": -1, "loss": 0.24661937728524208}, "_timestamp": 1713239414.146254, "_runtime": 220.90063405036926, "_step": 15}